<?xml version="1.0" encoding="UTF-8"?>
<rss version="2.0" xmlns:atom="http://www.w3.org/2005/Atom">
  <channel>
    <title>Agência - SO+</title>
    <description>Write an awesome description for your new site here. You can edit this line in _config.yml. It will appear in your document head meta (for Google search results) and in your feed.xml site description.
</description>
    <link>http://localhost:4000/</link>
    <atom:link href="http://localhost:4000/feed.xml" rel="self" type="application/rss+xml"/>
    <pubDate>Sun, 12 Feb 2017 23:01:46 -0200</pubDate>
    <lastBuildDate>Sun, 12 Feb 2017 23:01:46 -0200</lastBuildDate>
    <generator>Jekyll v3.4.0</generator>
    
  </channel>
</rss>
